date,Athens_CO,Rome_CO,Lisbon_CO,Madrid_CO,Valencia_CO,Paris_CO,Athens_SO2,Rome_SO2,Lisbon_SO2,Madrid_SO2,Valencia_SO2,Paris_SO2,Athens_NO2,Rome_NO2,Lisbon_NO2,Madrid_NO2,Valencia_NO2,Paris_NO2,Athens_PM10,Rome_PM10,Lisbon_PM10,Madrid_PM10,Valencia_PM10,Paris_PM10,Athens_PM2p5,Rome_PM2p5,Lisbon_PM2p5,Madrid_PM2p5,Valencia_PM2p5,Paris_PM2p5,Athens_O3,Rome_O3,Lisbon_O3,Madrid_O3,Valencia_O3,Paris_O3,Athens_MDAQI,Rome_MDAQI,Lisbon_MDAQI,Madrid_MDAQI,Valencia_MDAQI,Paris_MDAQI
2018-07-06,338.2620880494047,169.82599244464288,96.00149763095237,92.5934245240476,93.30187277511904,174.71713577023814,6.124175414056547,1.1985312515863096,1.3990836220803569,1.559968449279762,1.7696764664166669,2.3262658246964287,29.02801471948809,15.10612455075,4.987530334922619,2.449786563895834,3.039893177815476,23.560696956571427,19.473221872675598,16.572609793511905,22.853597659407736,14.662415139532738,24.557018587967264,21.37622327778274,15.132648070532738,11.913143075422619,13.244356935803575,9.814791045029763,12.229724175315477,14.446847550845236,79.28193380779761,78.64697595372023,87.55661643294641,77.24252403410715,94.98799670446428,73.93561008517858,1.943864816889104,1.5343384197446654,1.5710791992675648,1.26250226548948,1.622116869090722,1.7285653550496427
2018-07-20,396.2364190851191,202.6365113717262,101.82036134223213,98.85091268428573,97.50569813488096,186.78330382857143,4.9194294374166665,1.1213340874375,1.662730759291667,1.341971851104167,2.3095472172797615,2.4258034914077378,26.90139801807143,15.725113928377978,6.03617334296131,2.284015400616071,3.903768948083333,23.70085755582738,24.335170692125,17.491484896092263,19.054993900738094,16.31620882000595,21.10383730594643,22.26883973250298,16.556501660809523,13.292392089041668,13.716001350380953,12.107334865199403,13.646436351151786,14.576559150502977,74.25756414789286,79.96877402808629,88.17622683107142,75.11848972330357,90.36408282505953,82.45204196642858,1.9453942667668966,1.604346658751688,1.5652729779237244,1.3059786912934201,1.5872623733940714,1.83622536899761
2018-08-03,241.26319199672616,214.56956665892855,102.98256837851193,99.80257860675594,101.27979532886904,166.5697708565476,3.9710913914196433,0.9843877729761905,1.1435152151547618,1.4126089314107144,1.665123957877976,1.992033883032738,19.573000154276787,17.536991272220238,4.097268406139881,2.434263660702381,2.4453732960476193,20.296798410880957,16.000972398598215,14.16515244198214,16.226848374583334,12.488596631101192,17.250779119217263,15.971599305074406,10.593917349794642,11.398169470675596,9.459464759967261,7.799182049723213,8.886062499988094,10.817516308550596,74.15844519693452,61.09392003366964,84.32136769571432,71.7162029238095,87.09592731666669,55.10690519440774,1.5679315017541977,1.3548607262463193,1.3655292604811393,1.1355276461557258,1.3766720324928696,1.3400016298779323
2018-08-17,287.3090423630952,214.91932769226193,116.68780776250001,112.64042676952381,117.0050680305357,189.88955584107143,4.654442685636904,1.0963976075595236,1.266534697970238,1.601091968639881,2.0275353688184525,2.5276394697529763,21.97495073085119,14.430067212130952,5.004677416261905,3.015918983377976,3.5132281264672613,23.13539147775893,17.58416927429464,15.802096888324401,14.940883250619047,12.034360682937502,15.89401803975,18.143675603877977,11.852425751241071,11.536376148071426,9.210068992354167,8.709154536315477,8.785710678211311,11.687295677306551,72.40902079862202,68.95831172763691,80.73147031360119,65.38365685440476,80.26086345199404,47.5443589516756,1.648701333832572,1.4164660221462229,1.3258101813816459,1.09838645307387,1.3115758686329346,1.3568063593521604
2018-08-31,381.37906001666664,260.6407576994048,115.93904885922619,117.69783665053572,116.21800890535714,223.06701483214286,5.722333193148809,1.4279105317232141,1.1150000118273808,1.103019329547619,1.4393220710535715,3.2522951396547617,27.09358543996726,22.93507435322916,3.1454356413630946,1.6604707341458333,2.07801545977381,30.59131317482143,20.86114756278869,17.870466455214284,17.101669351372024,13.239457571684525,17.07604112806845,20.540608542508924,14.99273744778274,14.231001601342257,9.753155283541668,9.199900773752976,9.29538144235119,14.670293893059522,69.13637865705357,61.50448455235118,81.5105331617857,67.50211715675597,90.5486687825,51.02303577608035,1.828535198212716,1.5551157653201317,1.3419811972769262,1.1204866918681173,1.4152363662911494,1.6070799528308777
2018-09-14,286.81200803869046,214.20542542172623,117.55197237014882,114.63701999622023,114.85432538562499,223.31534514940475,4.3040980413184515,1.2225759817946429,1.3979792317142863,1.7512928053244052,2.1547718679910712,2.880034270032738,20.4836776866756,19.524205387151788,4.602604336017857,2.4874407166190475,4.09884752902381,28.773889733625005,15.51508545533036,15.341313936119048,13.459809186815477,11.812837920598213,15.747484570958333,20.371513583937496,8.796701247369047,11.383498751815472,9.211324235502977,8.350076517205357,9.376643966693452,13.342955623470237,65.82991057265477,53.630844309184525,74.76955017657738,65.806765888125,80.55733132880951,47.19425362356845,1.4637723970463004,1.320552137649335,1.2436523611866976,1.0874910444931685,1.3354857848196324,1.5056752221077283
2018-09-28,327.652663547619,232.7880731752976,122.14011582839287,115.76374978199405,119.19107687095239,234.42274191369046,5.841982151047619,1.3551129308333334,1.408962446654762,1.5424932934166669,2.2746236036904763,3.6196039876101187,28.336532209520833,22.778838383223214,5.219660931437501,2.5845996973095238,4.205532540336309,33.65755212300893,17.32278120869048,14.578159106660717,10.775399020461307,9.863476152327381,11.47718853117559,22.002870294336308,12.274052052312499,11.845171730044642,6.92024887503869,6.592755699116073,6.371710944434524,15.97397511350893,52.1531300489762,52.67091466725596,71.41990083214286,65.29621427428572,77.80523615276785,39.28578849490476,1.5579624151379325,1.3637276073617648,1.137829703356525,1.0202953552348353,1.1967064225877573,1.5802228547582209
2018-10-12,368.27526437559527,244.64933034464292,126.54655604375,120.51320175758927,128.4449954017262,244.0394101363095,6.7937272318750015,1.2657363402380948,1.1718354403809526,1.7375940124285714,2.4615494091875,4.2729064400267855,30.470455470607146,18.444440588639882,4.939304373431548,2.3999677983184524,4.963614517645833,34.76123518711904,21.89905170752976,16.623298517556552,10.24657677439881,9.917473237273809,12.210176540309524,29.66775046938393,15.98679358401488,11.889759853732144,6.260180740910714,7.469679988857142,7.04546120597619,21.397605109901786,47.60362368124107,48.73103343547619,66.77273289366073,62.698208178988104,71.68036464872026,32.16607270890178,1.6959243467394087,1.2878342477435314,1.06287133828682,1.0144877986684213,1.1712467913105804,1.7380789090006714
2018-10-26,303.7224735988096,194.70087684821425,127.8605925922619,118.03394574315476,128.6348264547619,230.66473461160712,6.576136894877976,1.4071000952648807,1.118328948199405,1.069082680690476,2.126791894440476,3.4762349288571435,29.265815485125,19.46612949017857,4.596888159693452,2.1528102611785713,5.2135706618005955,30.922283540321423,26.664483297672614,13.811432326520832,4.801269727464286,4.105606437770834,5.878504044586309,18.05175146232738,17.90973046851786,9.74467422674405,3.3850166616785713,2.989188358565476,3.123147775017857,12.904262041136903,45.442365488648804,47.14927993555953,62.96862653901785,56.6065194549107,64.68336076413689,30.115420168300595,1.7340903838076351,1.1966286062086404,0.8936929485637138,0.7739534018205253,0.9399002738627721,1.331784825264577
2018-11-09,295.2618052854167,275.90559902738096,128.34686964910713,123.51843243541667,124.9703915017857,276.7752596098215,5.961345278375,1.4569674409791664,1.2284331420208334,0.8496752249315476,1.875729502657738,4.444914075247024,23.29294270690179,24.10149191389286,5.468284911294644,2.730001752068452,4.707377057744047,36.09961441610118,16.571842003663686,16.93100684311012,10.01056142367857,9.541745783357143,12.635010852672618,24.74651198415476,11.196290244059526,12.66357035921131,5.36425676621131,6.390204283464286,5.747123236032738,20.43856233913095,40.159429785702386,32.279599454,57.9995339425,53.0111326035119,64.54852357928571,16.830352235356248,1.32456355062961,1.2256417880901707,0.9574822685888276,0.8788780815163012,1.0606281339705934,1.5310156165475484
2018-11-23,313.8286780642857,269.03283764107135,133.47060607708335,111.62124077538691,137.28610958660715,215.71374443363092,7.703753292247025,1.454572946377976,1.5128446292261903,1.4134701997202381,4.135050435485119,2.763460322148809,26.460215606991067,23.28435892130357,8.493429933291667,3.0021968861547625,12.522183795797616,25.15055233176488,15.421972802699406,15.470913820214287,7.255267251520833,5.690770437767857,8.311788250767856,16.017657025238098,10.812542553520831,11.34977495484524,4.9434875201577375,3.8076533439107143,5.2414334631249995,10.492483610217263,41.800396125678574,29.58612328442857,49.63369727711309,50.730848417375,44.562888184779744,38.088921019071435,1.3919955914643765,1.1391486675489921,0.8774013226076176,0.7634115748061256,0.9347666499029261,1.2454196456359217
2018-12-07,465.3024045428571,275.9152447380952,140.72849024077382,119.94122010244048,138.91899799345236,243.11987969910714,10.192211284738095,1.4614163544077379,1.5428437002619049,1.7801008398273805,3.1580753832083333,4.200172617122023,35.52132085252083,23.900283912934523,7.856091367592263,4.580582131758929,9.766434569291667,32.88878154083631,19.451700443627978,15.6084266208125,7.085501944791665,5.980159991116072,7.789843602154762,20.653795553907738,14.23569600502381,11.022576516589284,4.481149432717261,3.975634112589286,4.473252264151785,14.806142703047621,32.52048910745238,28.609040556937504,52.03099712857143,50.44288099973214,51.685447624211314,34.03072073731251,1.6112680188989983,1.133511993630129,0.8834888659139326,0.7961516330170832,0.9351780532137924,1.4836753076969427
2018-12-21,430.8380318104167,299.3049622500001,154.2520132794643,118.87563480744048,152.4079537625,359.6457306535714,8.205335880282739,1.8676868531726194,2.049388676514881,2.733508611529761,4.242115410321429,8.054159447583332,27.579367576541667,27.940669989351193,8.239363243544643,3.2019182988154755,10.676072315071432,49.56893299615774,15.02123642899405,17.06457689028274,12.888261918455354,8.263295840693454,13.423696380261905,33.0763180880506,10.753138732241071,13.84022235875893,9.093132839330357,6.621606162967261,9.28782111750893,26.00379828597917,36.115021509032736,28.593338631410717,46.152120487946426,49.82660050059524,46.684489342684515,14.20280454954167,1.3770911430209085,1.2792446253112033,1.0045112387354054,0.8672098836775206,1.0829729019854306,1.9747988454584
2019-01-04,368.1594393142858,260.4331828985119,147.1040189827381,123.09453675952379,140.89482066488094,261.33370308571426,8.38483472563393,1.6929742690505951,1.9139750078273814,2.100760411654762,3.105528198889881,6.161507477428572,28.646174673374997,24.068527203235124,7.511126728738094,3.491589036336309,8.988055787568452,38.92514035240179,12.593010411345238,13.043304304904764,8.270621834020833,5.734117664002977,8.792249922104167,22.435938761163694,10.240102183250002,9.63668026675595,6.02190150935119,4.530942024610119,5.629746318845238,15.21172578561905,45.51076850324404,34.322864384214284,54.299546218958334,63.06323895014881,58.53254911434524,27.791747967937503,1.4388690151506822,1.1354698843557525,0.9562017444847776,0.9271214139854892,1.0322987315774297,1.5618266296683756
2019-01-18,315.4307995970238,237.56956579553574,130.08589883116068,123.27650433645832,129.7964348788988,297.54451204494046,6.219922457392857,1.2646028083720238,0.8063787492351191,1.0317581038273809,1.4418086398898808,5.627010171541666,22.91508216946131,18.948411781955354,3.9237325469999997,2.16180105916369,4.825649910770833,38.54006155494345,26.536301898770837,10.441758424205359,3.298441326684524,2.6873826515714283,5.8299035696160715,24.272188262000004,18.444707160717265,7.926043321053574,2.0756944987440473,1.7148693803482142,2.5379485232708334,18.20615256604167,54.0773323163631,45.650342334913695,66.290735891875,71.17517331693452,71.1448819410119,30.062300425684526,1.7443356295712271,1.104276174571764,0.8695252281900617,0.8825094109214613,0.9794190282717737,1.668570481361878
2019-02-01,296.6087726889881,284.96124367380963,153.61850011875003,132.81974111357144,150.29333512083332,318.7361643657738,6.789109313074405,1.9398635428779765,1.8459712055744044,1.5431370841071428,3.0401059928214296,6.688310817086309,20.827995806931547,27.108520331648812,7.389363373226192,3.3638570892351187,8.889183992877976,40.03139783963989,21.56407648844941,17.993596907285717,10.030342756050597,7.373981555589284,10.137178816327381,23.625976316166664,12.16392950778869,15.371274743604172,7.611981616476191,5.962872546383928,7.373184616345239,18.719990736595236,55.305460614473205,40.34522519363393,62.9165770045238,63.437932417678574,63.833639554755955,34.731008517875004,1.5364292590323696,1.4319954922415377,1.0998032421608366,0.9741723515258979,1.1411973776263917,1.7613506615215815
2019-02-15,486.45725686369053,317.5484117315476,165.1379579794643,137.64601480178573,164.6441790723214,347.9500664758928,9.764710927035717,1.788966636377976,2.382794360482143,2.237569286672619,3.938819704297619,7.020229722973214,29.610256802755952,27.625135109901795,9.62658892139881,4.722829950684523,11.443170213877977,45.723781890619044,22.54183784896726,24.687860618761906,16.577283858961305,16.233896188598212,18.010863181964286,33.23385991952976,16.612539377092258,20.883254868815474,11.955236582580357,11.197714790726192,12.220207606604166,24.704695335937494,47.28441667296429,47.33632494574999,70.84638633556547,72.24938622580358,73.88897457002976,32.93189593916071,1.7694512860455036,1.714610699727923,1.3926389375205346,1.3100144848327235,1.492009203191017,2.072799769904093
2019-03-01,436.42499478720237,237.02714752023817,147.4015047202381,131.44736925955357,145.93023872529764,185.52178412440475,9.250886864836312,1.2519178506845239,1.7639066841339284,1.657137506092262,2.5036580881845234,2.140615418386905,34.60987306354464,20.017053622714286,6.87699683583631,2.3538841218273814,8.029035335502975,17.032555976083334,21.835263791630954,20.443362621764884,9.864994205720238,7.1017764480059515,11.791881819208333,11.224088858321428,15.71626402234524,12.295358528119051,6.521613136297618,4.921771231291667,7.0672249354017875,6.151647092678572,50.59916625297916,59.41602120199404,73.41622583020833,76.27139604636905,75.39401477815477,68.19549892642858,1.8268875585397222,1.4704374603323707,1.173416334929815,1.0688600266369574,1.2530664576599737,1.2810618199181192
2019-03-15,403.5254738252976,260.35799912053574,163.70223390267856,149.68000098779765,163.3883120235119,314.71345129434525,6.980917443068452,1.9524701734523813,1.6343795135833332,1.3937825304940474,1.9494801671994044,6.279813189199406,24.915108313589286,23.074408603517856,4.76986726054762,2.070209212607143,4.803556233767858,47.6000609172619,20.469859395666667,20.865506883294643,14.454244400800595,11.055000894803571,13.715689555520836,30.106739297997024,14.612477796199403,16.324949539901787,9.35826673604762,8.487406871184524,8.558150680773808,24.4727098061875,61.01245330916667,61.90840228139881,87.30771489416666,91.0321635177381,97.95489908455359,47.130650401220244,1.722910567092393,1.647995648247148,1.4050361704807597,1.3426688591297768,1.4945523187277276,2.189076174441772
2019-03-29,311.8873486747024,270.03849606428577,154.3852754300595,143.83663395535714,154.05970559761903,277.62521149047615,6.02273109448512,1.301204306901786,1.210505272026786,1.2827862266875,2.072877549699405,4.186780896898809,24.80654866920536,21.706313447125,4.693817957044643,1.6503295214880949,6.213253091395833,34.13149171470833,17.471010836089285,17.930696256928567,8.326048158238097,6.805176264625,9.394859821732144,25.357370566708333,13.098170239934523,14.422141842342265,6.116107111208334,5.203359219574404,6.166708799991071,20.51629030567262,68.13378957800892,67.45878608988095,82.41298136315477,82.72734919580357,89.50533454741071,52.99572103241072,1.6940171425433028,1.6055385374271043,1.2049840811146681,1.127258374848766,1.3243869736427647,1.8856783708868963
2019-04-12,509.61652932886903,261.1718769961309,151.64456095386905,143.12471657738095,151.47143913779763,256.85775116755957,9.510266707830356,1.3587707054017855,1.2563180790744048,1.0396118896309523,1.533426825309524,3.81664101,37.05588803197024,19.428094454934524,4.160545553446428,1.8987504043214283,3.437177118220238,31.615811607693452,46.91242430605357,27.682254758416665,14.836397460360118,11.242579920056544,17.926415867672617,20.657345581449402,36.23640318739285,18.96017629060714,9.89139515869643,8.123731030877975,9.693651204375,14.554179204494044,58.69651719164583,69.99907767184524,89.12836648369048,89.0687076925,105.26802439946428,68.37521180569047,2.7007305591489144,1.8082102902106632,1.4237202395037123,1.3075542907135822,1.6153876842532193,1.8163477086078665
2019-04-26,353.1687873666666,225.80128733184523,134.99466405148812,128.95701726279762,131.92019846488097,227.19498320952385,5.520398050854166,1.1663608476517857,1.3832333551011902,1.4367014975386905,1.706483565610119,2.9467018239583327,25.3643913539494,16.494850836276786,4.155119525571429,1.5672404539136904,4.226633984571428,25.943769374205356,26.207253552252972,13.432347855821428,11.087306128502975,7.118955777339287,12.10581626209226,18.355708541401782,13.142030457642857,9.998431911797619,7.263293531636905,5.214804135943452,6.803028500488097,13.51199580383036,68.88007353356547,68.44166315559525,77.18419862997023,78.05303592940477,88.02412918675593,60.811615238452376,1.8107139241230572,1.3827785190385475,1.1968955761889348,1.0796638049716951,1.3154714307506608,1.5913867505998478
2019-05-10,359.9378375110119,202.61021482559522,125.43187384494047,121.74881901261907,124.03747517619045,227.65490191309527,6.727700857136905,0.891475009764881,1.3512341534375,1.3904643168660713,1.9836402753482145,3.2179895937529763,30.537688560377976,15.046744477297619,4.054738824550594,1.575582283065476,4.989855517199405,29.364387129011902,18.023681461744044,11.866405804863094,9.541338835479166,6.858927118595239,11.321823749247026,18.322644598351193,12.75421699181845,9.28447107488988,6.091975200002977,4.988835525169644,6.324845294125001,14.003748633494045,67.11628856626488,71.28062058651787,86.35243629497022,85.522040623125,98.13959775619048,68.26415269631549,1.7823549076340572,1.3497864229594807,1.2450936541006186,1.1473383306473595,1.4139224567997932,1.7308130675573226
2019-05-24,360.153342427381,203.73417191279768,107.98944516267856,98.18132707050594,104.69753349375002,165.91432973303571,5.913150909443454,1.0418213439107142,1.3954715346339286,1.4506809269047618,1.9008127103452381,2.243535002261905,28.161611100056547,15.460020103413692,4.127995569083334,1.7809869744642854,4.7562075170148805,21.580300985446424,19.789647018389882,19.219149119625,11.32151459385119,6.629909991800595,13.031152889967263,13.447963220562498,14.813138043541665,13.470040549770832,7.1105165474375,4.355590546434524,7.084798016741074,8.610595152497023,64.07272923241369,65.36273931273809,81.96887943860119,79.29855740616071,89.33080907068452,53.50739197108036,1.772216374107852,1.4708637954094252,1.2392999136400438,1.0639380583878055,1.349090398817793,1.267280655853168
2019-06-07,251.37771974285712,175.84819800684522,115.23071518529761,109.36219866886906,113.49862922952381,165.16868421127975,4.884502255517857,1.0149479228125,0.9755310290208332,1.2203007261071428,1.5814329428273808,1.6732180929315474,20.50658945258929,15.48880495754762,2.832014982508929,1.4315554276934523,3.5174020583601187,18.205227963869042,23.722648666232143,36.35195983300596,15.314562909988092,10.399486534723213,16.966123898669643,11.387411704485118,18.428095604306545,20.57491181147916,9.066808409592264,7.139582049416666,9.862562336279762,7.931781840360121,77.43413533300595,74.5828852928869,93.60217139880952,85.30535492419642,100.24276547217262,58.85605345847323,1.8894960781674095,1.9085595348607918,1.426445569404349,1.2249966881910777,1.5488380785334959,1.230358348196969
2019-06-21,204.2182456886905,165.18153883333335,116.93773323994047,108.22195109955358,119.6302973410119,155.45135904375,2.9886511244702376,0.9236688340714286,1.1144100529464287,0.9373025459583333,1.9306223947827377,1.7852497008630954,14.050432757145833,16.065244252964288,3.382652152863095,1.8430324285535715,5.311201547550596,15.085318488812502,20.1812449395,18.865327686,20.96506718377083,19.403431864285714,23.818855399175593,18.59734069744643,14.048345802458334,14.103421551741073,13.698546721919643,11.393692612815476,13.470402455178572,12.179126415812501,87.17891769145834,83.38840377285716,94.15599332502975,87.20369727285713,95.21770304818452,88.01223435217263,1.7281522194642276,1.666426243857277,1.6078313387030783,1.4410208771413566,1.6838390266674155,1.6644123537424036
2019-07-05,219.5483498354167,138.38396919089286,100.98973101872024,100.94685774904762,99.5148641724405,142.2708545415774,3.2521267201845245,0.8464431899880951,0.943347211577381,1.5864036153601193,1.671821243172619,2.0304081081428573,14.652837157011902,13.03031427875595,3.187363250827382,1.6368392196607144,3.2637674031845236,15.610166035997025,18.417041299458337,20.23970862298512,20.32908703897321,16.167938636946428,21.74929854426488,16.339032157657737,14.161482492747023,12.582822775538691,9.28868203069643,8.89464088704762,10.086998908997023,11.459708272074405,86.17361276488096,76.28318634505952,87.42109097619047,83.15242182729166,94.70459440723214,65.91194147385417,1.7161219396432192,1.524331523241582,1.4238223392105174,1.311394404721688,1.5436356668645002,1.4005416947684235
2019-07-19,227.1984481556548,163.75716915684524,108.24213052842262,106.49717487723214,107.29819490392856,157.22069613327383,3.2905163218452382,0.6470357364434524,0.9265784699196429,1.1719792119553571,1.6838926128214287,1.5612804897648809,17.310838661074406,15.37065146313393,3.0144893854880954,1.6788795141607145,3.7976019360029762,16.743149075547617,17.455125415666668,19.839270193074405,16.517158567833334,14.530980399532739,18.483024024839285,18.835993148020837,13.636781624616068,11.818299584485121,8.928194765550595,8.01466650707143,9.09922482676488,11.569841531568452,84.15410588940476,75.18725442854166,84.38999925348216,77.10322641086309,89.77860876446427,72.57182320766965,1.7119874370188313,1.527364000806618,1.3409850306869342,1.2070182795218687,1.4435093360436777,1.5131472065556495
2019-08-02,203.23036241904762,170.30443473166665,103.55875328574406,99.74464171428572,101.63327875535715,150.59152121845236,2.7651882872410707,0.8283261801845238,0.8594944309464286,1.136849345282738,1.5957765659017855,1.3925739510744048,12.353829680455357,16.4620578984375,3.337951614916666,1.5258051789791665,3.739676485633928,14.703014277303568,16.804717041375003,21.940751264818456,23.61547764281548,17.940983608958334,25.204526343458333,11.17999436661012,12.255678542985118,13.633062630708332,9.933532929934525,9.53132043633036,10.151485382761905,6.736396986080357,87.7266978086607,73.82955198139881,74.53773874321428,72.17411499958334,82.67046753443455,48.07146124399405,1.6297255888791642,1.5960336258844536,1.3420513643737342,1.2230635375726104,1.4642049349502781,1.0332955688654892
2019-08-16,185.53873566160715,200.46352495505948,112.97606000470239,109.72259878008926,113.43707532008928,194.76378622261902,2.9703295683273816,0.8456762235357144,0.8852522021101189,1.0175793688392858,1.8490550705327382,2.2719474371279764,8.281672460651786,21.121744080633928,3.510101546303571,1.6864497664374998,4.626569850815476,21.8928679230119,19.215380072663688,20.084038450636903,14.377877052505953,12.910056635124999,16.44210591489286,16.151422509723215,10.48410984295238,15.78139418332738,8.722065197502976,8.482794638154761,9.001107027056548,11.356832779574402,87.90597074339287,69.73848753416667,77.91569498595238,73.66559367020832,87.71510009023811,70.57270964055652,1.5609751524352664,1.6526588634489943,1.252653520769565,1.1624166242492386,1.4123344380791971,1.5476992796507612
2019-08-30,211.73443153958337,201.10171386488096,116.47026473107144,118.95764816386905,117.25401830720237,167.89464591785713,3.6994845565892853,0.9217698599910716,0.7824747483363096,1.4447846468660714,1.146396561589286,2.653137186110119,12.223474058348216,17.713358478854165,2.566952475979167,1.574516298330357,1.9490574371220235,22.663909555660716,16.350034665369048,16.78848501759226,12.95831440724107,10.513755737913693,15.766939519482142,12.992852103184523,10.563664488812497,10.870770809880954,6.792869976925594,6.550318691654761,6.992750136738095,8.631447606145832,83.35631153749999,66.56396615316964,75.04850221812501,76.3171044763393,88.08693184744048,49.169356738184526,1.554219960223736,1.4276765503716804,1.1505053008638588,1.1268073131158134,1.3184280268238153,1.2384823717876061
2019-09-13,281.9696226556548,189.33582196964286,112.14561936699405,106.43297311622023,112.68775908181549,155.77209579523807,5.360347163175595,0.7325177934910715,0.9751333414613094,1.146983780392857,1.9237052491488096,1.5485816129464287,23.584599530473216,17.589580992619045,4.427029272616072,1.782758905794643,5.2698073654136905,14.800355926883928,18.287846880437503,17.321242515776785,19.51269817020238,16.17594583330655,22.49459314910119,12.809663989559525,13.689712014949405,10.841039178116073,9.52993846604464,7.332628406184525,9.746256464380952,6.843964041717261,68.6134790438988,54.94918627596132,69.46392341794642,68.44821545026785,81.75082856139882,52.174018230029766,1.6883086669617031,1.3049041890959143,1.2533563394194582,1.1210771174176277,1.4437661257156484,1.1011938965258778
2019-09-27,280.03538776875,185.01099057380955,111.40633090419645,102.98988859845238,107.41137073116074,156.47127910208334,4.812843504208333,0.8353651738095238,1.2836242501815476,1.947810581508929,2.202481859142857,2.239523520678571,23.40853515483929,17.81551207872619,4.581991385857143,2.2043609982589287,5.127584883377976,19.131412912291665,17.86057085801786,13.543796778369046,13.965028653267856,10.35403421169643,15.068753018401784,10.642971966988098,11.28104493729762,9.266598338779762,7.779713883285714,6.408410795833333,7.218791963345238,6.79807626035119,60.8223129901994,49.561768669425604,69.27133382464287,64.88355088238096,76.37274329431547,43.024811809119036,1.5386713210646152,1.1753055703181208,1.1569049882288864,1.0144326118675557,1.2495546174842247,1.0503281788192937
2019-10-11,315.19041233749994,199.40410532291668,114.22783769952382,100.99787891363096,110.78720957827379,165.10716179464285,7.13845764060119,1.1237436969315475,1.113847571065476,1.610971054651786,1.9907949763452384,2.2223788252916665,26.831192175440467,22.634030450029766,5.387828144669642,2.312242147014881,5.792502718651784,21.932961755,21.721201326202383,19.182860126056546,7.180944978529761,6.31192388636012,8.154100321815475,11.197428259252975,17.682559460249998,13.43298653898214,4.518483051095238,3.963201381494048,4.410257653669643,7.480222204630951,63.6000126918363,45.19147814319344,63.976313335654766,57.73242406032739,69.21870676080358,37.56269568758928,1.8396728014315227,1.3592202202315764,0.9634982961301936,0.8372242507599023,1.0430083045433196,1.0554885273289218
2019-10-25,272.8342738154762,195.57440008482143,113.98160160250002,101.29854486148807,114.02098832642858,176.38505953690472,4.854592456678572,0.8486909896488094,0.6741125211577381,1.0968286986220241,1.6814392819464292,2.4552384228184527,20.757968736369047,20.45581234846429,4.277792192294642,1.6520837586339288,6.128434237354166,23.67589318753869,19.3779294815119,14.832607412369047,7.87923974411012,5.143003360449405,10.31873778569643,11.984865068770832,12.380441589095241,8.932390176270832,4.413056729815476,3.0243585991517854,4.963996065842262,8.7385893786875,60.413283035812505,42.86269511068155,59.538922105714285,59.817696917678575,63.35388668941071,31.411214197270834,1.5377298486184545,1.1517804362607964,0.9013525666370155,0.8091421533948423,1.0195841744440695,1.0581209973952654
2019-11-08,298.93530046279767,176.94272386398808,126.7733358425893,117.64736786270835,124.39293470648809,217.30543913035714,6.025682180723214,0.8672570798125,0.9124428540416668,1.073137813907738,1.5851882871666665,3.523720214041667,23.778733097214285,16.0835501054375,4.827921201800595,2.4284360821964293,5.576075720964285,31.10025506641369,20.71585391411012,9.660507724434524,4.089639612556548,3.115547386092262,5.091596752776786,12.878160004232143,13.6947653478125,6.727780422952381,2.8350153457172627,2.1895882529910713,2.6001611773898814,9.29817309971726,54.36004627872321,48.48333930696428,56.867962678125004,63.11965446244047,67.54089323681548,28.77373906320536,1.5825324411974244,1.0389552809143063,0.8102198874446086,0.8168191733633788,0.9461043352193643,1.1801135000214575
2019-11-22,300.51507225327384,222.5298447586309,119.46285701898809,110.45631215660715,118.68886057529762,235.77163210208332,8.031360693125,1.1888341200416668,1.0033350442410713,1.2980729597648808,1.8618658377410715,3.8872470215476187,25.75447917759524,25.05517200134226,5.386239229199404,2.6358205853422616,7.171748806345237,31.688771572702382,12.850843005767857,13.78080942223214,7.3985558258452375,4.795198982607142,9.592135152559521,16.327880695488098,9.280363632151786,9.850233819369047,4.9033630128273815,3.480964809116071,4.773951530154761,10.943020553913692,46.480696112684534,33.99967822425,52.703558166755954,56.07217922663691,60.29882431630951,29.205262387157738,1.3695284846345988,1.143000424678575,0.8567954137926447,0.7949353447453316,0.9934715992007606,1.2769085074687208
2019-12-06,357.20570793333343,205.29320948690477,126.80264157467262,111.39177624303572,123.20984527124997,168.2316754889881,8.214151089020834,1.040991717297619,1.1528191036220239,1.052362434154762,2.1184875947767856,2.1697011282142857,28.312990716758925,19.12920312731548,6.440526901988096,2.6692648522886904,8.710917949547618,21.932478562749996,17.677601683505948,15.520814174806548,9.329141448598216,6.415742219354165,10.767918246294641,11.66940589950893,12.694177406446428,9.229361314065477,4.877801258589286,3.447440145285714,5.173694519770834,6.601664556705357,41.13236203608928,44.63867663883036,49.47587302479167,59.87123953717262,56.23140736586904,48.45465428525893,1.494779710046771,1.170979228175661,0.8624401788433795,0.849181026100038,0.9989255043545556,1.154701973836166
2019-12-20,246.88828709077384,295.20485802916664,150.51097565565482,118.65828391369045,142.00461319791668,249.4164115139881,6.502406111818453,1.5189677772172618,1.9095151768660712,2.195401256288691,3.3493168701636904,4.777536106872025,17.82502077092857,33.557111795369046,7.9936251732261905,2.8594042373095236,10.93958977165774,35.63275109443155,10.936852860205358,17.767380006839286,13.834214202059524,7.506827995023808,14.213806098443452,18.399956502443448,6.459613647104168,14.022360594592262,9.060265146354165,5.016268216080358,8.590159543931547,13.684011867443454,50.30727872955357,27.722699469833337,49.534607483928575,53.19915698238095,50.98993635187799,30.125427916163694,1.1821531196533654,1.3544122406222008,1.0433569341127593,0.8462776507457355,1.1103757130214067,1.4403243194873725
2020-01-03,310.8009884276786,351.2745592470238,162.56501188839283,131.36272328273807,153.55162566011904,203.39925171011905,8.0298719424375,1.9206688448392855,1.6380364118154762,2.145040046449405,2.557525002425595,2.7195063657470238,22.436356012922623,40.57469694952381,7.872650904294644,3.4680987440059527,9.242107016196428,28.265033216785717,14.107846703419641,22.090558927592266,11.530517129574406,6.676537684815477,11.350126197630951,12.991411151038688,10.708867697791666,17.913259565083333,7.661116109857145,4.703558058407737,7.1533296561815485,8.60206577195238,54.96206475744047,21.98028601917857,52.24787581532737,55.3729290398512,56.781634137553574,41.044663425020836,1.4599314511062491,1.5452675807051521,1.0125014044665803,0.8635540212954856,1.0755735939904572,1.2403129936980406
2020-01-17,321.77445970238097,278.0779661883929,137.98861051848215,125.00268064059526,136.56674325726195,241.52311109315477,10.169994894127976,1.5722186253095238,1.1974691556309522,0.9372622408005953,2.178853212017857,4.022926002136904,30.950814439976188,28.141335553880953,5.560848195663691,2.2370046721011905,7.992841389035715,31.45599066492262,16.488133224592264,20.986559496095243,16.996716442497025,11.896269787925595,23.050051948666667,19.976072047392858,12.437531289595242,14.997180623580354,8.761831176416667,6.788179135946428,10.378936949946432,13.680051450946426,52.56963930944048,37.69260796479166,56.02656115223214,57.150806319047625,60.165283628958356,33.741036168633926,1.6492767985533252,1.4371098480314486,1.0932244677832197,0.9516789839464991,1.2860553920618845,1.4254599042821199
2020-01-31,289.33591967351185,232.63976378511902,159.10917075386905,130.77981068002975,158.0090455110119,177.0142044806548,7.997267290925594,1.2442799942113094,2.0326871669613094,1.907601591217262,3.3594769466845236,2.678592212315476,21.327346773300597,23.096990673913695,7.4674844453839295,3.0475529900476195,11.854559288163694,21.549803002315475,14.379516845369048,16.993046811642856,13.273682433907737,8.759029545848215,13.69208605945238,14.343847108857142,9.902125397681546,12.654476531,10.033032397499998,6.893937080416667,9.783148429568453,8.524249330940476,48.36610080237798,51.29625537248512,50.887138082708326,56.96272347104167,49.993827642633924,53.28862530277083,1.355366078047101,1.3971305740852473,1.0692166862381036,0.9427827199119588,1.1373675122511544,1.2810573128326048
2020-02-14,301.5028694732143,276.54226289464293,160.25124988125,139.9762264657738,160.01304124791668,159.49974037273805,9.031526451345238,1.0335218299017856,1.6833890072529762,1.8887719070654758,2.826318379669643,2.002023495565476,23.149591135877976,23.805479707928566,5.612060440041668,2.3039886923273807,8.742155252922618,16.506783364098215,14.637278920029763,20.48241680096726,17.461001884607146,10.927354599306549,18.398370548369048,11.077277877580356,11.096733772410714,14.571670584023808,9.402065970375002,6.234421768651786,10.051793932116071,6.1626068083779755,55.20088729783036,51.0186385213006,60.040908381904764,70.21349340407738,65.37844310193452,57.65484682493452,1.4979686112454362,1.4930968146193455,1.1669175928532431,1.08185945687421,1.3060264006821145,1.1545296619971654
2020-02-28,294.76755214970245,239.76644034761907,144.42085617767856,132.84034808392857,144.28338468601194,185.3923780800595,6.991732819776786,1.008489444654762,1.4198546448125005,1.2802033369880956,2.376938209645833,2.671297778886905,19.846342007955354,21.810008842937503,4.2190109969970235,1.7603122513690472,7.090259653901785,23.65963616836012,19.361391584095237,17.908246385306548,9.09224560160119,6.90817464823512,10.628938979866069,12.14172482278869,12.28238717514881,13.076582560422619,5.755648494116072,5.225704805044643,5.594375893473215,7.597022426214286,67.2712874753869,52.98146402679762,68.42056067797618,74.72919490226191,71.6338251489881,54.32003307630059,1.6278605852813819,1.4149120551819951,1.053557115194182,1.0444601985923063,1.153125992057822,1.2779288586154662
2020-03-13,292.6232147235119,286.03008038601195,155.4210475720238,150.24553130773808,155.84008493660713,247.78746663720239,7.275990832452381,1.320611672997024,1.5021724253958335,1.100293090952381,1.6859902952559522,4.117265333735119,17.872341976818454,23.1263137160119,2.4338604711934524,1.2761875907261904,2.3727198672708334,27.6617455072619,18.589423522913695,21.78884439244643,13.777113212226189,13.641771496714288,15.962339333035715,24.333003142261905,14.36018920590476,19.631738195851195,8.038452489806549,8.581045841836309,8.305456298428572,18.182337803517857,67.15270889949406,53.02804931902083,76.09100367869048,74.43978494705357,87.79655169306547,52.01827081721727,1.640084230572677,1.6376439941821082,1.2151635319800929,1.1858477230967146,1.3690115329828692,1.7143604406835917
2020-03-27,266.8329359699405,262.6112082324405,163.00958006815475,148.94129448630954,160.72878042827384,236.48149376666666,4.766358584931548,1.3669905849821429,1.747063705610119,1.1823570416458333,2.2316122215029766,4.604945458827381,12.548160087306547,19.39093567989881,3.0176850014374996,1.7779815239672623,3.324132948199405,33.357755222386906,18.732744223925597,25.01678039915178,12.974196440815474,9.470581659354169,13.34311775663988,20.97087925674405,12.881771230309523,19.45756092382143,9.153196435675596,7.841041456758929,8.823545293422619,16.464762423750003,82.24854707711309,65.82715673651784,86.16791713758928,78.08174988214286,93.41358988690475,64.42120846383334,1.6525219878418937,1.74612559263319,1.349162855556298,1.1687467757805912,1.4315859791470114,1.8509541836838928
2020-04-10,282.76068810178566,234.57516770238098,145.7794946267857,137.11094908630955,147.97072228779763,214.9162640339286,7.043862170050596,0.9857607294464285,1.2811932428214288,1.097522578047619,2.306913546532738,3.536218935520833,17.818461253398812,19.38722986920238,2.711854610217262,1.385208400485119,3.921097426202382,25.19725369984226,19.65118673325,21.156586644074405,12.038184424139883,8.488566626333334,13.05838930635119,22.026913870080357,14.353672213568457,15.412376131366072,8.172881120708336,6.436371670601191,8.469796200616072,14.721978119473215,83.08632547357142,56.46585678824405,81.1596198309226,71.62687098428572,86.98012193,70.76361487997023,1.8115203376769349,1.50401823183141,1.2502465216631031,1.0499792340522063,1.3598035054688513,1.7573015304194861
2020-04-24,258.93541976250003,180.4103846330357,136.53181092083335,123.90780269613094,133.62394784702386,187.27731211815475,5.504665418351192,0.7403317371517858,1.5012969352559524,0.928245722919643,2.428876847907738,2.2461188738928572,17.780171587229166,12.887048461440475,3.231158645919642,1.2252117545416665,5.55412702697619,21.760000824645832,14.22707759352976,12.608652004184522,10.049340219791665,6.894419453747025,11.107976770255954,13.210439608220238,10.787190430952382,8.713848728410715,6.022160251190476,4.248976678172619,6.2766165712738085,8.83462631226488,84.36677402104166,69.87566350797617,72.93791215767858,63.53764703151786,74.53993037214286,65.3743602152381,1.6586082058059586,1.293421441194414,1.1026571095641169,0.8917721535996808,1.18070084623812,1.4008509347315814
2020-05-08,306.9125294449405,163.03890862083335,137.62669692767855,130.2165668360119,138.44408605148809,171.2016184196429,6.822228832357142,0.7530667707172619,1.5937427044494046,1.367463129053571,2.4579541667291673,2.0506387696874997,23.351445869348222,11.04025964007738,3.7034684682202377,1.3823568852351191,5.96142355775,17.7685064148125,42.08264697151786,27.217754552916666,8.435296807979165,4.921761983574404,9.54863605472619,13.76773954027381,18.94068909699405,11.862852361193456,5.729653151309525,3.7604853479077387,6.0632588550625,8.042797877696428,84.30098899267857,73.39853895255953,82.57845442574406,72.81347429157738,85.14467024223214,69.92332925077382,2.2549875749676462,1.5328031710356442,1.1866986076060744,0.9651624651834435,1.276291842008405,1.374960692965478
2020-05-22,238.88492718095242,161.0540611877976,121.42566676369047,118.67509769166666,121.91310564732147,163.17486295059524,4.571875258380952,0.624571412282738,1.1671737914791664,1.082583794276786,1.9720942115416666,1.6586101273154763,17.183185044440474,12.361854612803572,2.6215157879494044,1.3124867382410714,3.324832930991071,15.311693764136903,12.349810495270834,9.78022672039881,10.694008124747024,7.436364588261904,12.809768526235118,12.581900846485121,8.975009317895834,7.198351219985119,6.163397455470238,4.724649094002976,7.020570114619048,7.671585038898809,79.25388931044643,73.4278601872024,87.48783620193453,75.05549110119047,94.3765478815774,73.25845946193454,1.518717166376544,1.2518723413997364,1.2480014617540085,1.0303659183634648,1.3829322283712362,1.34701589418159
2020-06-05,199.73336129107142,138.38664829208332,106.75405577053571,103.77160297252976,106.54780506098211,148.06154746130952,3.978427020901786,0.5538056502470238,1.6272007131160713,1.3419234138988094,2.117140217726191,1.4827847738035718,14.42075243316369,10.920467516425594,2.778211362502976,1.1848060911011906,3.1390165528988097,15.498236226089285,13.625261524032737,10.500302561714287,10.47671551721726,5.905395683675596,11.844833291065475,10.581319854351191,8.738371416854166,6.4913827031130955,6.4578795948095244,4.2707091492053575,6.6976577164613085,6.468844977872024,82.4074475871726,67.38579016910714,74.21157280711311,66.57657314470238,82.33718954919642,57.99163234344642,1.504878225635829,1.154864731254111,1.118653515367768,0.9130816042967639,1.2353196705824332,1.1356783310363752
2020-06-19,239.71316192172623,148.08412812875,99.88834610354165,97.2591163104762,100.14307551202378,137.82482932767857,4.201370012717262,0.8343530167678572,1.503836340309524,1.4039685025624997,1.9976309144077382,1.1720515241041665,14.673996031863094,13.47605882744048,2.6548387608630954,1.4462347152380954,3.035162504217262,10.871955888029762,14.682121237077382,13.474374698854167,15.310552482151783,11.571083873491071,17.046408934208333,12.179230241669645,11.149428727422618,9.534928565211308,7.618313932651786,7.613219275083333,8.26100439260119,6.560749911776787,88.45062819675594,71.23784445550595,73.40213884595236,65.83927009220238,81.12793075535714,62.78221078455356,1.6491588065658658,1.3372137746497639,1.1847255816399802,1.0455390871261765,1.3106987368081209,1.1345427640977876
2020-07-03,190.60868603839282,149.4762103666369,94.652708758125,90.82090990839286,93.77698964211312,111.275422139375,3.62149692146131,0.6667272126071431,1.0948740533958339,1.0202365814017857,1.4271156108541665,1.3130797134464285,11.990938721491075,13.563151312279762,2.330819438008928,1.2090765854404764,2.3315449146041662,12.539313370202382,12.310106365470242,10.807157520684525,12.08214213735119,10.356987729717263,13.801677377479164,11.493981185422621,9.073262061979166,7.741896524964285,5.779648089714286,5.949988221860118,6.163288125669644,6.8621961680208345,88.793437185625,76.20645361383929,78.65696444952383,65.94926738720237,86.11408243824404,59.39439467884226,1.5235491075165346,1.3187952724129166,1.1515332020844635,0.986291050123719,1.2610742548760914,1.1170547714932832
2020-07-17,209.00307414821427,157.8112355190476,104.62024781895835,101.26894875940476,105.74586777479165,125.30162161886906,3.0248566468363096,0.8623210115803571,1.496991652651786,1.3141007230952384,1.8803508223422618,1.5118146581309524,10.949668735934525,14.63996327925298,2.670565289779762,1.457395624645833,2.8493093348154765,13.201954027681548,14.359997052502976,12.838006690157739,13.509832954095236,12.902238742127977,14.878911746473216,13.777529607136907,10.582986025497023,9.868324169270833,7.879484445508927,7.716612032485119,8.239890960767857,7.116951948892857,98.32445505761905,74.88589887928572,81.02721904071429,74.6652680525,86.98818254610119,63.61680376529762,1.6611188579812668,1.3944066013837397,1.2512030996629948,1.1544762901625722,1.3443795064798394,1.2072649125059074
2020-07-31,201.34420068095238,165.7364619559524,107.47184013229166,104.66438468348214,106.74601016839289,163.5252196446726,2.8995557452261904,0.7116016642886905,1.408870332860119,1.3349196665238094,1.8506509844345238,1.9424095262202379,12.014124408428573,12.525079165636905,2.747040862139881,1.5013499687499998,2.947080194407738,21.256314731782737,12.934929508369049,15.515428995074405,14.140488873089284,11.995041500300596,15.495866742684521,15.813378273017861,9.623565979574405,10.395005107574404,6.936098586919643,7.379108355443454,7.368345260720239,10.069358974651788,88.4315176971131,74.55954815068453,80.34581290708334,76.76441527532738,86.39869810306547,78.96561701550596,1.5322027841687276,1.4029642491284213,1.2307144372087733,1.160458856051923,1.3269264766948352,1.5820862128317241
2020-08-14,231.3595442559524,159.17985970625003,106.39072225252976,104.8012542944643,106.22553389559523,134.64065392785713,3.9730610562946427,0.7703037983303569,1.601501694589286,1.6784594816309524,2.054378951788691,1.382149610845238,15.488256706425597,13.363084671851192,2.783398092895833,1.5142411303958332,3.114140679041667,14.054901833824406,14.383085282208333,14.476531945416667,12.81297374197619,10.483851168172617,14.801352205898809,11.408564679035715,11.652802775345238,8.965988656717263,6.088229746375,6.248191156940476,6.385408608705357,5.786270115336309,85.05766868068454,66.33484492967263,76.59931813023809,69.40442802779761,80.08303592360119,51.37901203528274,1.6279550464936487,1.2848516000356476,1.1609127225726807,1.0466619877879748,1.2364911983980273,1.0362365841609547
2020-08-28,228.46511908779766,180.45936305089285,114.4960122806845,112.76652049913692,115.60853219910719,145.76255457931546,3.701851930976191,0.9922593264226192,1.5166247636130952,1.512100254657738,2.0614790793809523,2.6180410940297625,13.64255960425893,20.893252671380953,2.9384409004702383,1.3903176073214285,3.3196984783541668,24.527558021842264,17.707457925660716,15.783984673080358,6.842344750949406,7.096016016041666,7.55613367191369,14.232974285526783,11.577303882148811,11.316500604151784,4.512483481130952,5.377540396779763,4.7106910915833335,8.619694000431549,84.35518670157738,62.39611160726191,83.97420603922617,77.2857105621131,91.4808015925,52.634553574895826,1.6259572940129385,1.4231956016821228,1.1393290766603539,1.069725482312679,1.2426832361656979,1.3082426294543428
2020-09-11,206.88613001339286,176.3138608720238,127.3713098682143,115.51204402443452,127.45961984166668,176.44087909607146,3.80327373992262,0.7977712271964286,1.5263745438095242,1.183328949502976,1.9552401321904758,2.353185490321429,14.768679624616071,16.40170646639881,3.0995659063958336,1.3047085881398808,4.04930826152381,19.523204022970244,16.915501770443452,16.159024046919644,12.790277827818455,12.738500018854166,12.746912858148812,18.438935400773804,10.175538433556548,11.29443426648214,7.3680121445476185,8.755280895333334,7.6258343512648805,11.134251523749999,67.07483368971727,61.405393702261904,75.74261850404761,67.91896615741071,79.80137142770835,66.20498266437501,1.4178587523347888,1.350589579289313,1.1885611025047476,1.104991459353424,1.255017428373637,1.4864812617935623
2020-09-25,265.2738715577381,192.39111659613096,127.87473565029761,122.55237851705355,126.7402785636905,165.67278407738098,5.97632828511012,0.8067543119999999,1.5327417480922618,1.6171742109672618,2.0360195227053572,1.773029858139881,21.170309222711314,17.36019760730059,3.1501082685625,1.5269737819315476,3.9119935538869046,17.34357207220536,32.954677284904754,11.705680187297618,8.12788614842262,8.180421588321428,9.210345929479164,10.371694791080358,15.036044236404761,7.854801019824406,4.399961048699405,5.8785944070714296,4.282446425199405,6.1638459715773815,61.91716847258929,48.00176951419346,67.82759661910714,64.35956606949404,73.78329496217262,44.46508612550298,1.7821448010764747,1.1023106701405252,0.9892586510500762,0.9638905827053822,1.0777350720287917,1.0193626351975158
2020-10-09,264.2310795110119,217.3090190431548,136.63992380089286,128.25461537232144,134.58339184642858,199.92173378571428,5.131203307279762,0.9160661166041668,1.8649917965208331,1.6711138885386905,2.4049318398958333,3.038746466714286,18.66357373627679,19.215689220505954,3.840297482717262,1.7573815761636902,4.082497954702381,24.582011763723216,14.850531156401784,13.269703899205357,9.169235766690475,9.160984871142857,8.99260455660119,15.136764429982145,9.502102800059523,9.892007763877976,5.256541074029762,6.279509810455357,4.944613182869047,10.521994617657738,63.68698929313096,44.563325893541666,67.14520779184525,67.72857851080356,77.53492379184524,34.89529745962203,1.430114390847596,1.1623038929285312,1.028859008679812,1.0240658205918283,1.1382643628735043,1.195034920734019
2020-10-23,320.3360960824406,256.9754293967262,142.1621709556548,130.0205172125,139.90549639345235,183.18751655380953,5.4746145895982155,1.3761924684166669,2.088761877098214,1.7403721677202386,2.840093299904762,2.8691464316636903,18.91322446320536,28.260852929312502,4.555605164574405,2.109506659116071,5.471910859065476,21.851862273848212,14.862271944770836,18.81595155883036,13.594905051404764,9.8526553011875,14.888345803488095,13.924018801407737,10.23957518185119,14.971442946565476,7.664343188625,6.9626928809285715,7.7535574158898815,9.154707318958334,43.183126579717246,25.341511029583334,60.56362430238095,54.81036523372024,68.66287052074405,39.64619288414286,1.2544557411704116,1.277784641557257,1.0772149149892831,0.9186026944492565,1.2001430824547283,1.1564998868886769
2020-11-06,249.4633926639881,257.03709057529767,143.67271484553572,125.76776452214285,139.8962761095238,204.52619261815477,4.541899293276785,1.088168224220238,2.0764657141904763,1.9649510998630952,3.100482320684523,3.320537008550595,14.52180545252976,23.87209464267857,5.140778764776786,2.5399419487886905,6.600489231443453,28.387663138401784,14.290047502169642,19.481048916014885,11.791350120398809,10.431549474523809,11.198861352794642,15.96532279252679,9.573910474142858,14.387549171065478,7.753541553303572,7.914794802931548,7.347101267973214,10.99367280513095,47.827683477241074,28.596498144026786,52.52448287473214,48.469620846666665,55.92630258625,31.232508918904763,1.1913833557880693,1.2413246924356316,0.9837396604949374,0.8881033451699063,1.036588226880735,1.2342785910802987
2020-11-20,241.99725468660716,291.37249519583327,155.49052261398808,142.29386969940478,156.38480933452382,269.57434495148806,4.609032019583333,1.360567841684524,2.047408633098214,1.920192687919643,2.6089417508541666,3.4841171256160726,18.69236487745238,24.94556098170238,4.333049821717262,2.495559412264881,5.878569996437499,34.23715849342559,15.746079757083335,16.467119543422623,9.37284090270238,9.264355118205359,10.085338794738094,26.36599735624702,9.3668585631875,12.720697302892855,5.981047979130953,6.833265095720237,5.89936876023512,18.229752182461308,48.03694867797916,24.851247681547616,58.11000227925594,58.390044734702386,61.81425488002976,18.290507182752975,1.2621820719349135,1.1584987557995932,0.966868961988526,0.957159858469492,1.0407220678478493,1.4747426027119868
2020-12-04,226.16796180089287,314.91082963720237,146.96685983988095,130.24836061190476,145.27420452589286,213.43279743214285,5.4835249902113095,1.7214420792619047,2.171451231461309,1.9224776750535713,2.8704272286815473,2.383784175422619,21.550453923252977,31.26095483571428,5.330943284318452,2.680969495863095,7.295515830330358,29.352202521982143,16.551202419541664,18.4804689655625,7.748727788184523,5.288129176767858,8.345907543300594,16.50035467731845,9.831493999119047,16.27879184763095,5.57839370096131,3.833203658244048,4.952807394809524,11.169998287285717,46.482451575125005,20.922018814705357,55.39510123505952,53.147915669940474,55.75766850654761,22.519268115464286,1.3128471413599618,1.3171384309218246,0.925079257792812,0.7914436550556078,0.9577918095661485,1.1564057714027776
2020-12-18,246.99433445119044,265.72426682589287,156.29778657499998,132.78396177232145,152.97448580625,206.35493024285717,6.251032715571428,1.0660467224970238,1.3336496367678572,1.2667424776458331,1.8005398042797618,3.4235168770386903,21.07033222655655,17.63277887580357,3.8118042940625,2.050354233702381,5.158574367580357,25.50976172120834,20.287720691455355,16.362393976752976,5.895443964598215,3.551466947922619,6.763692310845238,14.343465508526787,11.080663582565476,10.786108762613095,3.9043445037172617,2.3497543802291667,3.629802539550595,12.027922159401784,48.25139227750892,37.80202533393155,56.673376792976185,56.4955135866369,59.61457990044643,33.87605418831845,1.4090735405611707,1.1376481283450106,0.8505533009333005,0.7571547134094528,0.9088761847852451,1.2286158290703726
2021-01-01,217.06827004851195,312.18838919166666,184.49595224196426,163.11781862708332,181.48761948988096,290.7463327607143,6.319436422342261,1.6840825511071429,2.1237220341994045,1.9425466641339284,2.5507488955148814,5.249692133440476,18.958403080556547,24.28016219392857,5.187429817991072,2.7229895758392857,8.141060001767858,35.31248011615178,28.340770345175596,15.958517303163688,6.556831921142857,5.017212312842262,7.149768087916667,23.702625822348214,13.052247336223218,13.272735865491072,4.976776652764881,3.9102990286785717,4.499869806068452,17.880032278282737,54.926071816824404,28.708524912946427,54.70623311559523,62.4968183496131,58.694300248303584,18.864889256666668,1.5763472012972752,1.2053231595299427,0.8975968593170885,0.8962083614306914,0.9811295383767719,1.4868781509905915
2021-01-15,243.56327874226187,251.81617927261908,143.2491272964286,125.78810441943453,144.1064067560119,196.10687891755947,6.953909264467262,1.2631787209732142,1.5824782566458333,1.1356282626666667,2.205904205110119,3.1338259313214283,21.58779157927679,19.780925026330358,4.0519500294613096,2.10929675627381,6.78538905060119,27.0420637910744,16.10596596916071,16.53025556833929,7.236763618464286,3.3633477934434524,9.134631020800596,12.845858072880953,8.780952806848216,10.45689008268155,4.743793781651786,2.357369021458333,4.744154918372025,8.386592777059525,58.255786901547616,39.71891884348512,60.35833538154761,56.61719094020833,58.45503195440477,40.9426369380506,1.4314590640898106,1.181317267717787,0.926042515220112,0.7539059635496358,0.9737927697772378,1.219646967721186
2021-01-29,282.0449557761905,239.86746415654758,149.7289561342262,128.99581918229165,144.01127674523812,272.6409771764881,8.795410071681546,1.3370653461071427,2.3055246907946434,1.748678193404762,2.5808400241845235,3.7839345992202387,27.95554869079167,19.879461382068452,6.304742486092262,2.5449337898958335,6.926272518119047,29.19190793936905,23.76870608051488,19.23311239237798,10.22550137494345,7.6880091376369055,11.60997092741369,18.1153384756369,11.758245170651785,12.598624427345237,6.430068597211309,4.553869972613095,5.763849802675595,14.377155482098216,54.1620414269881,42.368624823431546,60.76688446321429,63.018621975714275,62.79108789521727,37.49880244626786,1.6622762109917255,1.2860529942500898,1.043451425660748,0.9324387171969393,1.0760568915016293,1.4321965565340256
2021-02-12,292.7354888922619,347.7736794633929,172.90423675089284,151.82092562380953,167.4037776229167,225.09655271309524,8.082827184901786,1.7812532443660716,2.611797335982143,2.2285185305535715,2.783407180068452,3.2887105636279763,26.916340456104166,33.23547813161608,4.959121035997024,3.2082045616011903,5.258978120732143,30.23866222572024,24.332382348285712,35.88566660602679,18.953718975875002,23.841277038157745,21.63809757230357,24.672002525607144,16.46873188815476,28.598274567633926,11.65698122764881,13.43827086947619,11.50599257183631,13.942657768586306,65.91049468202381,33.98185010189286,66.04195494860119,55.81686364449404,71.3098948342262,42.97669245673809,1.8742072972418644,1.9563816139231742,1.3024462590624506,1.2553768017504279,1.3889349382919356,1.549069394849398
2021-02-26,267.5885845821429,302.38243189375,175.64976939494048,160.92081192708332,175.91616004017857,249.33999869880952,6.003972015184523,1.2126444337053572,2.234448381116071,1.9447021091577381,2.5712771226071425,3.277358438279762,23.1165547769256,22.059600949229168,3.841256935672619,2.5011230036607146,4.627642299464286,30.467242558190474,21.527006279830356,25.279475884687496,20.862095733500002,22.63289894083036,23.73626289204762,26.572233427190472,13.237313929089286,18.65013020366369,12.567760206101193,12.76924920378274,12.867037498645832,17.97108053444047,69.6522630171131,42.85705722448512,69.77172889065476,56.63900329345238,71.6871364114881,45.35901034624703,1.7237236890487768,1.5363058418229776,1.362838278698042,1.2242090283850384,1.4368527328451415,1.6933150032918431
2021-03-12,240.74687508035714,243.6377783741071,169.72398303630953,151.0975507994048,164.99856521964287,231.81434445327386,5.183455127696428,1.403384233684524,2.432562231869048,2.2428457701369053,2.8230937144583335,3.6977836777261905,19.273381860124996,18.314745944136906,4.355064480791667,2.0598259199136906,4.907165103,30.335695859824405,17.866263943166665,16.974178290059523,13.833204567342262,10.20975275477976,13.776693578348214,19.296167613160716,11.236191757428571,14.469223255252976,9.985413900476189,7.9370833029196435,8.92130320829762,13.693432763758926,75.56036275883928,53.639633320994044,72.7447079189881,74.78348303958332,80.02051823544642,52.26756269825298,1.629413588055409,1.3999787148686011,1.2666893782579745,1.1633048544851883,1.3299543161843022,1.5889809325849296
2021-03-26,240.37490721964286,232.00506719017852,157.17392876160713,143.31391825119047,155.75971466994045,242.3948384693453,5.003726166633927,1.405343213919643,1.9261298315833333,1.6791599898571434,2.5317880138898814,3.6591868707410713,17.20494234961905,15.237234298062498,3.232313791907738,1.7661903281636904,4.243711712068452,33.15470782086607,23.391541529065474,19.681429254991077,14.486937911717261,14.313171857854169,16.042198924988092,23.123742343202384,13.753784547666665,15.327018707139882,9.101568502324405,8.682726895910715,8.828235953270836,15.092043889550597,79.08524483642857,60.41867140647025,80.23776426794643,76.41135566604167,85.69938298800596,53.41365561907441,1.7522563131103734,1.474249591795095,1.3070304438865923,1.2289779359976993,1.3969148451386906,1.7156857411670947
2021-04-09,250.05026013511903,238.2142562431548,159.21818992172618,149.41466024940473,159.86643895535715,228.30744434583332,5.172866238880952,1.2922004968541665,1.8300065177886904,1.669193589666667,2.169954262672619,3.163644642735119,19.951829449630953,17.816754820101192,2.725660417425595,1.933523028404762,2.6552093085684523,24.64591484566369,21.894043082508926,14.89332387700893,10.196233221526786,9.350394991101188,10.779914934741072,21.864086150979166,13.21520264521131,12.95049044697619,6.987219764392857,7.455306636416665,6.830805117872024,16.50592416234226,82.74622455199403,57.57539612636607,84.07774824181547,76.96661939050598,95.11876401508928,63.080918269407746,1.804494226377433,1.3744157134820696,1.2445384849958379,1.1559876995927518,1.3662670315295924,1.7056707240828357
2021-04-23,248.2647989815476,191.78027952261905,153.4973488294643,144.08028756845238,155.7279679660714,204.05024832589285,6.040465553991071,1.0438211434970237,2.0881044665714286,1.757479393678571,2.8412415498809525,2.0674948328630953,23.958160985645836,11.319488259410715,3.390526565059523,1.785169941160714,4.579270405133928,22.289230825083333,34.16631178035714,15.842853124729166,9.173883561604166,8.055517709654762,11.800217327404763,17.952356996940477,15.454155697681548,10.109202903705361,6.901825669991072,6.7784960887351176,8.109456471017857,11.826146229485122,76.29940827136905,58.10867252665179,80.08424653904763,70.79435259410714,89.4085561603869,66.2532775018631,1.9902393184821594,1.2227740306752988,1.2009958746424592,1.0601120896377279,1.381225085218728,1.5381348338092296
2021-05-07,193.34587088065476,163.65529568928568,131.86678298363094,123.34713525005954,132.20792213809523,160.20137881904762,5.5576908382440475,1.0947867993125002,1.5999640315208332,1.6206412440684521,2.060443608372024,1.3165569039226188,20.06657981313095,9.114861870735119,2.7748583943720244,1.6104518614999999,3.8231820847142863,13.949887371047618,16.203356328324407,11.002569495955358,9.41795580083631,5.627144000005953,11.18131519711905,9.875510174026786,9.379541619169643,6.788414332907739,4.647133597327382,3.281014021672619,4.347716642261905,5.114337816830358,87.7900213454762,63.38957268586309,73.72717344232142,66.5420294659524,79.76663700720238,63.35409297827977,1.701790716236244,1.1135704827349542,1.0671743877641053,0.901925689422232,1.1638056413808726,1.1327640262913174
2021-05-21,221.55620238928574,182.6811030919643,124.71969999613096,119.9742898931548,124.93439385892854,181.0799933613095,5.391613899214286,1.2939458607440475,1.8082125826458335,1.530031283761905,2.4984936436607135,1.6127348804702382,21.52307580046429,13.382493565389883,3.2240583399970233,1.6884294874285715,3.619441249389881,17.874866218770833,20.260784336505953,14.36991197727976,13.307341052889884,9.726260835214287,13.582973344705355,12.016620831264879,12.581405680854166,9.408641843372024,7.542910150014879,6.387457487154762,7.236544529684522,8.229897266297618,91.60062912523809,68.33529412991072,74.7994198685119,64.9595975535119,86.88310098627979,69.32907372677975,1.8824511131105055,1.3271886800621735,1.1932234524279792,0.9990916748460591,1.3300958814994497,1.3514619158670573
2021-06-04,253.47984654642855,190.42305474345235,128.05802867351193,118.28199273160713,129.4078377064881,186.38628358035717,5.765531622657738,1.4452026788720236,1.940758951720238,1.356507193919643,2.7844865485327377,1.8391337476190477,26.75853061101785,14.737359491925597,3.232858341901786,1.4778694085744046,4.523220374583333,19.491115555958338,20.145161084020835,17.147460510357142,13.092417724613094,10.6197774836875,13.218243858720239,14.854013784943456,14.336892806413692,12.652425804202382,8.662194629491072,6.937750695407737,8.700711424839286,8.886678005848212,87.01284195122022,62.99835870069942,83.4308633239881,69.31972639985119,91.50421882752975,64.92282745401785,1.9576888731876247,1.3972190029104141,1.3083036207689183,1.0610253565414736,1.4241478503970384,1.3784151946221643
2021-06-18,279.03686423482145,164.59096542857142,123.98278317976191,111.5392806863393,121.19203565083335,179.51523240327384,6.815388379363095,1.5921588682172623,2.075879208395833,2.2741586556934523,2.599390564580357,1.4592808398541666,29.612458255747022,12.554015595306547,3.0144677843333336,1.9007838254970242,3.6790644290535717,20.226339147455352,40.572555113363094,40.6731218128869,13.09887448022024,7.5350165501875,11.67013623615476,14.9997328915,23.529905818869047,15.060184580973216,7.6092566695625,4.89815464258631,6.552631952931549,9.01497898577381,99.23361331630953,61.590804699238106,69.50127397232141,60.060800842023816,76.45322812794643,45.911367620080355,2.5759697772243983,1.6629436674986273,1.1376749564327815,0.9014824933222935,1.1862819236869957,1.188360157144357
2021-07-02,211.07411385208337,154.09036286666668,142.48149554166665,119.23647577916664,140.42192443124998,146.84481382916664,4.978621239354167,1.5217815550625002,2.2152813188541662,1.685442949375,2.4805786088125,0.8302382894791667,24.291151980104168,12.931744565895835,3.947813724541667,1.8618871222083333,4.262460890062501,12.8739789769375,21.085247993333333,16.010784248375,16.706982612916672,10.862792243479168,20.105004529375,8.425061662708334,18.611131926458334,9.314518342395832,10.046351562166667,7.269140243520832,9.2131507598125,4.618929187541666,89.811365045625,70.26937834395834,74.67745701437498,60.047258536875006,83.85560266250002,40.94060079208334,2.0374107681223816,1.3534457588315054,1.305067572954501,0.9844481729575248,1.4273305053664318,0.8475574187058952
